{
  "hello2": {
    "last_fired_at": 1768243337.843333
  },
  "example": {
    "last_fired_at": 1768243336.2890189
  }
}
